{
  "bilinear_cosine": {
    "epoch": 5,
    "val_bce": 0.34455544983639436,
    "auroc": 0.7479060951692802,
    "recall_topK": 0.523899746601314,
    "iou30": 0.0231079930379781,
    "fg_prob": 0.18078047595723792,
    "bg_prob": 0.1042284270079108,
    "n_params": 90114
  },
  "concat_mlp": {
    "epoch": 5,
    "val_bce": 0.3542599117054659,
    "auroc": 0.7193581304258467,
    "recall_topK": 0.4858027003400086,
    "iou30": 0.022950660519095747,
    "fg_prob": 0.1790180103291787,
    "bg_prob": 0.11444468685224263,
    "n_params": 246529
  },
  "cross_attn": {
    "epoch": 5,
    "val_bce": 0.3370576921631308,
    "auroc": 0.7437311400947791,
    "recall_topK": 0.5128810281220857,
    "iou30": 0.05209046856023779,
    "fg_prob": 0.22645197137529358,
    "bg_prob": 0.1307834818259441,
    "n_params": 380417
  }
}