{
  "universal_fail_qids": [
    "8",
    "10",
    "11",
    "14",
    "17",
    "28",
    "33",
    "37",
    "42",
    "43",
    "48",
    "50",
    "53",
    "54",
    "56",
    "57",
    "59",
    "60",
    "62",
    "67",
    "71",
    "72",
    "74",
    "113",
    "114",
    "117",
    "118",
    "120",
    "125",
    "151",
    "153",
    "154",
    "155",
    "158",
    "160",
    "191",
    "247",
    "252",
    "253",
    "256",
    "257",
    "258",
    "264",
    "265",
    "266"
  ],
  "universal_succ_qids": [
    "21",
    "49",
    "65",
    "69",
    "73",
    "119",
    "159",
    "178",
    "248",
    "249",
    "255",
    "259",
    "260",
    "261"
  ],
  "variable_qids": [
    "9",
    "12",
    "13",
    "15",
    "16",
    "18",
    "19",
    "20",
    "22",
    "23",
    "24",
    "25",
    "26",
    "27",
    "29",
    "30",
    "31",
    "32",
    "34",
    "35",
    "36",
    "38",
    "39",
    "40",
    "41",
    "44",
    "45",
    "46",
    "47",
    "51",
    "52",
    "55",
    "58",
    "61",
    "63",
    "64",
    "66",
    "68",
    "70",
    "75",
    "76",
    "77",
    "78",
    "115",
    "116",
    "121",
    "122",
    "123",
    "124",
    "152",
    "156",
    "157",
    "177",
    "192",
    "197",
    "245",
    "246",
    "250",
    "251",
    "254",
    "262",
    "263",
    "267"
  ],
  "fail_summary": {
    "n": 45,
    "video_counts": {
      "clip_household_video_14_001.mp4": 8,
      "clip_household_video_14_000.mp4": 6,
      "clip_household_video_17_000.mp4": 5,
      "clip_household_video_14_002.mp4": 4,
      "clip_household_video_0_000.mp4": 3,
      "clip_household_video_19_001.mp4": 3,
      "clip_household_video_0_001.mp4": 2,
      "clip_household_video_19_000.mp4": 2,
      "clip_household_video_19_004.mp4": 2,
      "clip_household_video_4_000.mp4": 2,
      "clip_household_video_19_005.mp4": 2,
      "clip_household_video_9_000.mp4": 2,
      "clip_household_video_16_000.mp4": 1,
      "clip_household_video_16_001.mp4": 1,
      "clip_household_video_19_003.mp4": 1,
      "clip_household_video_19_002.mp4": 1
    },
    "answer_counts": {
      "B": 14,
      "A": 11,
      "C": 10,
      "D": 10
    },
    "tag_counts": {
      "color": 36,
      "object": 13,
      "counting": 1,
      "attribute": 1
    },
    "no_keyword_tag": 4,
    "stem_len_mean": 55.68888888888889,
    "stem_len_median": 49.0,
    "stem_len_max": 102,
    "choice_len_mean": 10.71111111111111,
    "choice_max_mean": 11.777777777777779,
    "numeric_answers": 1,
    "numeric_pct": 0.022222222222222223,
    "ocr_count": 40,
    "ocr_pct": 0.8888888888888888
  },
  "succ_summary": {
    "n": 14,
    "video_counts": {
      "clip_household_video_14_002.mp4": 3,
      "clip_household_video_14_000.mp4": 2,
      "clip_household_video_17_000.mp4": 2,
      "clip_household_video_19_006.mp4": 2,
      "clip_household_video_19_004.mp4": 1,
      "clip_household_video_11_002.mp4": 1,
      "clip_household_video_17_001.mp4": 1,
      "clip_household_video_19_003.mp4": 1,
      "clip_household_video_19_005.mp4": 1
    },
    "answer_counts": {
      "C": 5,
      "B": 5,
      "D": 4
    },
    "tag_counts": {
      "color": 14,
      "object": 6,
      "ordering": 1
    },
    "no_keyword_tag": 0,
    "stem_len_mean": 57.0,
    "stem_len_median": 57.0,
    "stem_len_max": 72,
    "choice_len_mean": 14.214285714285714,
    "choice_max_mean": 14.928571428571429,
    "numeric_answers": 1,
    "numeric_pct": 0.07142857142857142,
    "ocr_count": 9,
    "ocr_pct": 0.6428571428571429
  },
  "var_summary": {
    "n": 63,
    "video_counts": {
      "clip_household_video_14_000.mp4": 22,
      "clip_household_video_14_002.mp4": 7,
      "clip_household_video_0_001.mp4": 6,
      "clip_household_video_14_001.mp4": 5,
      "clip_household_video_17_000.mp4": 5,
      "clip_household_video_14_003.mp4": 2,
      "clip_household_video_16_001.mp4": 2,
      "clip_household_video_19_000.mp4": 2,
      "clip_household_video_19_003.mp4": 2,
      "clip_household_video_11_000.mp4": 2,
      "clip_household_video_4_000.mp4": 2,
      "clip_household_video_9_000.mp4": 2,
      "clip_household_video_0_000.mp4": 1,
      "clip_household_video_17_001.mp4": 1,
      "clip_household_video_19_002.mp4": 1,
      "clip_household_video_19_006.mp4": 1
    },
    "answer_counts": {
      "C": 21,
      "A": 18,
      "D": 13,
      "B": 11
    },
    "tag_counts": {
      "color": 53,
      "object": 13,
      "ordering": 2,
      "counting": 2
    },
    "no_keyword_tag": 5,
    "stem_len_mean": 54.23809523809524,
    "stem_len_median": 50.0,
    "stem_len_max": 88,
    "choice_len_mean": 8.031746031746032,
    "choice_max_mean": 8.761904761904763,
    "numeric_answers": 4,
    "numeric_pct": 0.06349206349206349,
    "ocr_count": 54,
    "ocr_pct": 0.8571428571428571
  },
  "all_summary": {
    "n": 122,
    "video_counts": {
      "clip_household_video_14_000.mp4": 30,
      "clip_household_video_14_002.mp4": 14,
      "clip_household_video_14_001.mp4": 13,
      "clip_household_video_17_000.mp4": 12,
      "clip_household_video_0_001.mp4": 8,
      "clip_household_video_0_000.mp4": 4,
      "clip_household_video_19_000.mp4": 4,
      "clip_household_video_19_003.mp4": 4,
      "clip_household_video_4_000.mp4": 4,
      "clip_household_video_9_000.mp4": 4,
      "clip_household_video_16_001.mp4": 3,
      "clip_household_video_19_001.mp4": 3,
      "clip_household_video_19_004.mp4": 3,
      "clip_household_video_19_005.mp4": 3,
      "clip_household_video_19_006.mp4": 3,
      "clip_household_video_14_003.mp4": 2,
      "clip_household_video_11_000.mp4": 2,
      "clip_household_video_17_001.mp4": 2,
      "clip_household_video_19_002.mp4": 2,
      "clip_household_video_16_000.mp4": 1,
      "clip_household_video_11_002.mp4": 1
    },
    "answer_counts": {
      "C": 36,
      "B": 30,
      "A": 29,
      "D": 27
    },
    "tag_counts": {
      "color": 103,
      "object": 32,
      "ordering": 3,
      "counting": 3,
      "attribute": 1
    },
    "no_keyword_tag": 9,
    "stem_len_mean": 55.09016393442623,
    "stem_len_median": 50.0,
    "stem_len_max": 102,
    "choice_len_mean": 9.729508196721312,
    "choice_max_mean": 10.581967213114755,
    "numeric_answers": 6,
    "numeric_pct": 0.04918032786885246,
    "ocr_count": 103,
    "ocr_pct": 0.8442622950819673
  }
}