{
  "universal_success": {
    "n_total": 14,
    "by_classification": {
      "object_absent": {
        "count": 9,
        "qids": [
          "49",
          "73",
          "119",
          "159",
          "248",
          "255",
          "259",
          "260",
          "261"
        ],
        "fraction": 0.6428571428571429
      },
      "object_rare": {
        "count": 4,
        "qids": [
          "21",
          "69",
          "178",
          "249"
        ],
        "fraction": 0.2857142857142857
      },
      "object_present": {
        "count": 1,
        "qids": [
          "65"
        ],
        "fraction": 0.07142857142857142
      }
    }
  },
  "variable": {
    "n_total": 63,
    "by_classification": {
      "object_absent": {
        "count": 39,
        "qids": [
          "9",
          "12",
          "18",
          "20",
          "23",
          "25",
          "26",
          "27",
          "29",
          "31",
          "32",
          "35",
          "36",
          "41",
          "45",
          "51",
          "52",
          "55",
          "58",
          "61",
          "64",
          "66",
          "70",
          "75",
          "76",
          "77",
          "78",
          "115",
          "116",
          "122",
          "123",
          "156",
          "157",
          "177",
          "250",
          "251",
          "254",
          "262",
          "267"
        ],
        "fraction": 0.6190476190476191
      },
      "object_rare": {
        "count": 21,
        "qids": [
          "13",
          "15",
          "16",
          "19",
          "22",
          "24",
          "30",
          "34",
          "39",
          "40",
          "44",
          "47",
          "68",
          "121",
          "124",
          "152",
          "192",
          "197",
          "245",
          "246",
          "263"
        ],
        "fraction": 0.3333333333333333
      },
      "object_present": {
        "count": 3,
        "qids": [
          "38",
          "46",
          "63"
        ],
        "fraction": 0.047619047619047616
      }
    }
  },
  "combined_77": {
    "n_total": 77,
    "by_classification": {
      "object_absent": {
        "count": 48,
        "qids": [
          "49",
          "73",
          "119",
          "159",
          "248",
          "255",
          "259",
          "260",
          "261",
          "9",
          "12",
          "18",
          "20",
          "23",
          "25",
          "26",
          "27",
          "29",
          "31",
          "32",
          "35",
          "36",
          "41",
          "45",
          "51",
          "52",
          "55",
          "58",
          "61",
          "64",
          "66",
          "70",
          "75",
          "76",
          "77",
          "78",
          "115",
          "116",
          "122",
          "123",
          "156",
          "157",
          "177",
          "250",
          "251",
          "254",
          "262",
          "267"
        ],
        "fraction": 0.6233766233766234
      },
      "object_rare": {
        "count": 25,
        "qids": [
          "21",
          "69",
          "178",
          "249",
          "13",
          "15",
          "16",
          "19",
          "22",
          "24",
          "30",
          "34",
          "39",
          "40",
          "44",
          "47",
          "68",
          "121",
          "124",
          "152",
          "192",
          "197",
          "245",
          "246",
          "263"
        ],
        "fraction": 0.3246753246753247
      },
      "object_present": {
        "count": 4,
        "qids": [
          "65",
          "38",
          "46",
          "63"
        ],
        "fraction": 0.05194805194805195
      }
    }
  }
}