{
  "keep_ratio": 0.2,
  "n_videos_attempted": 50,
  "queries": [
    "a person",
    "a face",
    "an animal",
    "a vehicle",
    "a building",
    "the sky",
    "water",
    "food"
  ],
  "results": {
    "auto_at_K": {
      "mean_cos_sim": 0.8956298065185547,
      "std_cos_sim": 0.11139512261609996,
      "n": 400,
      "by_query": {
        "a person": 0.8956298065185547,
        "a face": 0.8956298065185547,
        "an animal": 0.8956298065185547,
        "a vehicle": 0.8956298065185547,
        "a building": 0.8956298065185547,
        "the sky": 0.8956298065185547,
        "water": 0.8956298065185547,
        "food": 0.8956298065185547
      }
    },
    "filt_match": {
      "mean_cos_sim": 0.8385182851552964,
      "std_cos_sim": 0.09644604996032731,
      "n": 400,
      "by_query": {
        "a person": 0.8331673836708069,
        "a face": 0.8434989476203918,
        "an animal": 0.8461060035228729,
        "a vehicle": 0.8479184699058533,
        "a building": 0.84591339468956,
        "the sky": 0.8158399713039398,
        "water": 0.8272225129604339,
        "food": 0.848479597568512
      }
    },
    "filt_shuf": {
      "mean_cos_sim": 0.8390761119127274,
      "std_cos_sim": 0.09512118476980759,
      "n": 400,
      "by_query": {
        "a person": 0.8353293859958648,
        "a face": 0.8415509998798371,
        "an animal": 0.845689605474472,
        "a vehicle": 0.836622451543808,
        "a building": 0.8359780561923981,
        "the sky": 0.8453403913974762,
        "water": 0.8367833018302917,
        "food": 0.8353147029876709
      }
    },
    "filt_rand": {
      "mean_cos_sim": 0.8300964686274529,
      "std_cos_sim": 0.09087591323162988,
      "n": 400,
      "by_query": {
        "a person": 0.8276180303096772,
        "a face": 0.8273593044281006,
        "an animal": 0.8190472090244293,
        "a vehicle": 0.8378397238254547,
        "a building": 0.8321689701080323,
        "the sky": 0.8347957277297974,
        "water": 0.8381834316253662,
        "food": 0.8237593519687653
      }
    }
  },
  "tokens_kept": {},
  "paired": {
    "filt_match - filt_shuf": {
      "mean": -0.0005578267574310303,
      "std": 0.053316060212566296,
      "n": 400,
      "z": -0.20925280495483936
    },
    "filt_match - filt_rand": {
      "mean": 0.008421816527843476,
      "std": 0.06686762892684231,
      "n": 400,
      "z": 2.5189517448143737
    },
    "filt_shuf - filt_rand": {
      "mean": 0.008979643285274506,
      "std": 0.06806512014017935,
      "n": 400,
      "z": 2.638544754429591
    },
    "auto_at_K - filt_match": {
      "mean": 0.05711152136325836,
      "std": 0.1891532381021875,
      "n": 400,
      "z": 6.0386511947952615
    }
  },
  "latency_ms": {
    "wrapper_extract_hidden": {
      "mean": 11.595723731443286,
      "std": 30.788932614307605,
      "n": 50
    },
    "filter_get_scores": {
      "mean": 2.583551435964182,
      "std": 5.613203582254352,
      "n": 400
    }
  },
  "tokens_kept_mean": {
    "ref_auto_75": 453.5,
    "auto_at_K": 260.72,
    "filt_match": 624.0
  }
}