{
  "n_trials": 20,
  "n_warmup": 3,
  "n_queries": 1,
  "torch_threads": 6,
  "n_backbone_params": 22056576,
  "n_head_params": 344066,
  "preprocess_ms": {
    "mean": 1.4764187508262694,
    "std": 0.06021097665880558,
    "min": 1.3890840054955333,
    "max": 1.6117079940158874
  },
  "vision_ms": {
    "mean": 23.85859170171898,
    "std": 0.9793427137204351,
    "min": 22.73583400528878,
    "max": 25.83675002097152
  },
  "head_ms": {
    "mean": 0.25439369783271104,
    "std": 0.03096214802251472,
    "min": 0.19845800125040114,
    "max": 0.3082089824602008
  },
  "total_ms": {
    "mean": 25.58940415037796,
    "std": 0.9967900935203318,
    "min": 24.424833012744784,
    "max": 27.60487498017028
  },
  "iconstudent_118k_baseline_ms": 93.6,
  "speedup_target_ms": 31.2,
  "passes_3x_target": true
}